{"stats":{"minecraft:mined":{"minecraft:spruce_log":6,"minecraft:crafting_table":1},"minecraft:crafted":{"minecraft:crafting_table":1,"minecraft:spruce_planks":24},"minecraft:used":{"minecraft:crafting_table":1},"minecraft:picked_up":{"minecraft:crafting_table":1,"minecraft:stick":1,"minecraft:spruce_sapling":2,"minecraft:spruce_log":6},"minecraft:custom":{"minecraft:jump":12,"minecraft:time_since_rest":3005,"minecraft:leave_game":1,"minecraft:sprint_one_cm":2760,"minecraft:play_time":3005,"minecraft:time_since_death":3005,"minecraft:walk_one_cm":977,"minecraft:total_world_time":3005,"minecraft:interact_with_crafting_table":1,"minecraft:fly_one_cm":1622}},"DataVersion":3465}