{"stats":{"minecraft:killed_by":{"minecraft:zombie":1},"minecraft:custom":{"minecraft:time_since_rest":10898,"minecraft:sprint_one_cm":26456,"minecraft:damage_taken":315,"minecraft:walk_one_cm":32978,"minecraft:mob_kills":4,"minecraft:damage_dealt":254,"minecraft:interact_with_crafting_table":3,"minecraft:fly_one_cm":47655,"minecraft:crouch_one_cm":3102,"minecraft:play_time":16386,"minecraft:deaths":1,"minecraft:sneak_time":1348,"minecraft:jump":284,"minecraft:leave_game":2,"minecraft:time_since_death":10861,"minecraft:total_world_time":16386,"minecraft:fall_one_cm":7319},"minecraft:crafted":{"minecraft:crafting_table":1,"minecraft:spruce_planks":28,"minecraft:stick":8,"minecraft:wooden_pickaxe":1,"minecraft:stone_pickaxe":1,"minecraft:torch":12,"minecraft:stone_axe":1},"minecraft:mined":{"minecraft:iron_ore":9,"minecraft:spruce_log":13,"minecraft:crafting_table":1,"minecraft:grass":3,"minecraft:coal_ore":35,"minecraft:dirt":3,"minecraft:stone":37,"minecraft:diorite":3},"minecraft:used":{"minecraft:stone_pickaxe":75,"minecraft:spruce_planks":3,"minecraft:wooden_pickaxe":9,"minecraft:rotten_flesh":3,"minecraft:stone_axe":7,"minecraft:torch":8,"minecraft:crafting_table":1,"minecraft:snowball":3},"minecraft:picked_up":{"minecraft:raw_iron":9,"minecraft:stick":2,"minecraft:crafting_table":2,"minecraft:spruce_sapling":4,"minecraft:diorite":3,"minecraft:spruce_log":12,"minecraft:dirt":3,"minecraft:rotten_flesh":4,"minecraft:wheat_seeds":2,"minecraft:spruce_planks":21,"weaponmaster:tutorialbook":1,"minecraft:coal":35,"minecraft:snowball":24,"minecraft:cobblestone":37}},"DataVersion":3465}