{"stats":{"minecraft:killed_by":{"minecraft:zombie":1},"minecraft:custom":{"minecraft:time_since_rest":10693,"minecraft:interact_with_smithing_table":1,"minecraft:interact_with_furnace":6,"minecraft:sprint_one_cm":71517,"minecraft:damage_taken":315,"minecraft:walk_one_cm":86407,"minecraft:mob_kills":5,"minecraft:drop":1,"minecraft:damage_dealt":303,"minecraft:traded_with_villager":2,"minecraft:talked_to_villager":10,"minecraft:interact_with_crafting_table":5,"minecraft:fly_one_cm":116403,"minecraft:open_chest":4,"minecraft:crouch_one_cm":3102,"minecraft:play_time":28386,"minecraft:deaths":1,"minecraft:bell_ring":2,"minecraft:sneak_time":1362,"minecraft:jump":554,"minecraft:walk_on_water_one_cm":189,"minecraft:interact_with_blast_furnace":3,"minecraft:leave_game":2,"minecraft:time_since_death":22861,"minecraft:sleep_in_bed":1,"minecraft:total_world_time":28386,"minecraft:fall_one_cm":14030},"minecraft:dropped":{"minecraft:rabbit_hide":1},"minecraft:crafted":{"minecraft:stone_shovel":1,"minecraft:emerald":2,"minecraft:crafting_table":1,"minecraft:spruce_planks":48,"minecraft:stick":76,"minecraft:iron_ingot":9,"minecraft:wooden_pickaxe":1,"minecraft:stone_pickaxe":1,"minecraft:stone_hoe":1,"minecraft:torch":12,"minecraft:stone_axe":1,"minecraft:cooked_rabbit":1,"minecraft:air":0},"minecraft:mined":{"minecraft:iron_ore":9,"minecraft:snow":19,"minecraft:ice":16,"minecraft:spruce_log":13,"minecraft:torch":1,"minecraft:crafting_table":1,"minecraft:grass":4,"minecraft:grass_block":1,"minecraft:coal_ore":35,"minecraft:dirt":4,"minecraft:packed_ice":1,"minecraft:spruce_leaves":2,"minecraft:stone":37,"minecraft:sugar_cane":1,"minecraft:diorite":3},"minecraft:killed":{"minecraft:rabbit":1},"minecraft:used":{"minecraft:wheat_seeds":1,"minecraft:stone_shovel":27,"minecraft:stone_pickaxe":82,"minecraft:spruce_planks":3,"minecraft:wooden_pickaxe":9,"minecraft:stone_hoe":8,"minecraft:rotten_flesh":3,"minecraft:stone_axe":12,"minecraft:torch":9,"minecraft:dirt":5,"minecraft:cobblestone":13,"minecraft:crafting_table":2,"minecraft:cooked_rabbit":1,"minecraft:snowball":3},"minecraft:picked_up":{"minecraft:raw_iron":9,"minecraft:stick":2,"minecraft:crafting_table":2,"minecraft:torch":1,"minecraft:spruce_sapling":4,"minecraft:diorite":3,"minecraft:spruce_log":12,"minecraft:dirt":5,"minecraft:rotten_flesh":4,"minecraft:wheat_seeds":2,"minecraft:rabbit_hide":1,"minecraft:spruce_planks":21,"weaponmaster:tutorialbook":1,"minecraft:rabbit":1,"minecraft:sugar_cane":5,"minecraft:coal":35,"minecraft:snowball":43,"minecraft:cobblestone":37}},"DataVersion":3465}