{"stats":{"minecraft:custom":{"minecraft:jump":69,"minecraft:time_since_rest":4386,"minecraft:damage_dealt":51,"minecraft:damage_taken":175,"minecraft:leave_game":2,"minecraft:play_time":4386,"minecraft:sprint_one_cm":5938,"minecraft:time_since_death":4386,"minecraft:walk_one_cm":6972,"minecraft:sneak_time":174,"minecraft:total_world_time":4386,"minecraft:fall_one_cm":2568,"minecraft:fly_one_cm":13720,"minecraft:crouch_one_cm":520},"minecraft:crafted":{"minecraft:crafting_table":1,"minecraft:spruce_planks":28},"minecraft:mined":{"minecraft:grass":3,"minecraft:spruce_log":7},"minecraft:used":{"minecraft:spruce_planks":3},"minecraft:picked_up":{"minecraft:stick":1,"minecraft:spruce_sapling":2,"minecraft:spruce_log":7,"minecraft:wheat_seeds":1}},"DataVersion":3465}